ZBW	denovo		SVMPi
ZDPXDPPNPP	denovo		BPP
QPWPGPK	denovo	V.aspisP31351	BPP
ZDPXDPPNPP	denovo		BPP
FCYLPADPGK	denovo	V.a.ammodytesAMH40735	Kunitz-typeserineproteaseinhibitor
CNAYMoxPSFYYDSASNK	52	V.b.nikolskiiE5AJX3	Kunitz-typeserineproteaseinhibitor
LTCLNCPEVYCR	76	N.najaP29181	Weakneurotoxin
NGENICFKR	47	N.melanoleucaP01400	Weakneurotoxin
FIYGGCGGNANR	67	V.renardiAEI52543	Kunitz-typeserineproteaseinhibitor
FYYDSASNK	50	V.a.ammodytesP00992	Kunitz-typeserineproteaseinhibitor
FCYLPAEPGECNAYMoxPSFYYDSASNK	44	V.b.nikolskiiE5AJX3	Kunitz-typeserineproteaseinhibitor
EFIYGGCHGNANK	43	V.renardiAEI52543	Kunitz-typeserineproteaseinhibitor
FLNPGTICKR	212	V.a.ammodytesAMB36347	Disintegrin
AMoxLDGLNDYCTGISSDCPR			
NSANPCCDPITCKPR	150	V.a.ammodytesAMB36347	Disintegrin
GDWNDDYCTGISSDCPR	60	V.a.ammodytesAMB36349	Disintegrin
(483.2)PCCDPISCKPR	denovo	V.a.ammodytesAMB36347	Disintegrin
LTPGSECGDGECCDQCR	115	V.a.ammodytesAHB62069	DCdomain
FTHSPDDPDYGMoxVDLGTK	48	V.a.ammodytesP0DJE2	DCdomain
KGESYFYCR	68	V.a.ammodytesQBF53416	DCdomain
YDYSEDPDYGMoxVDHGTK	53	V.a.ammodytesQBF53416	DCdomain
KGESYFYCR	54	V.a.ammodytesQBF53416	DCdomain
CGPGKVCINR	40	V.a.ammodytesQBF53416	DCdomain
KGEHCVSGPCCR	63	V.a.ammodytesAMB36347	Disintegrin
NSANPCCDPITCKPR	61	V.a.ammodytesAMB36347	Disintegrin
AAAICFGENVNTYDK	101	V.renardiF8QN51	PLA2
CCFVHDCCYGR	51	V.renardiF8QN51	PLA2
CSGCCTDESLK	56	V.a.aspisP83942	VEGF
ALTMoxEGNQASWR	32	V.a.ammodytesQBF53420	NGF
CCFVHDCCYGR	270	V.renardiF8QN51	PLA2
AAAICFGENVNTYDK			
AAAICFGENVNTYDKK			
ETLVSILQEYPDEISDIFRPSCVAVLR	99	V.a.aspisP82475	VEGF
CSGCCTDESLK	58	V.a.aspisP83942	VEGF
CCFVHDCCYGR	360	V.renardiF8QN51	FragmentPLA2
AAAICFGENVNTYDK			
AAAICFGENVNTYDKK			
YYSSSHCTETEQC			
AAAICFGENVNTYDKK	72	V.renardiF8QN51	PLA2
VAAICFGENMoxNTYDK	67	V.a.ammodytesQ910A1	PLA2
IVCGGDDPCLR	59	V.a.aspisCAE47133	PLA2
GEPLDATDR	54	V.a.aspisCAE47133	PLA2
MEWYPEAAANAER	76	V.berusB7FDI1	CRISP
MoxEWYPEAAANAER			
SVNPTASNMoxLK	43	V.a.ammodytesAMB36337	CRISP
AAAICFGENVNTYDKK	67	V.renardiF8QN51	PLA2
CCFVHDCCYGR	146	V.a.meridionalisCAE47236	PLA2
SALFSYSDYGCYCGWGGK			
MoxGTYSYSFQNGDIVCGGDDPCLR	127	V.renardiF8QN52	PLA2
SALFSYSDYGCYCGWGGK	72	V.a.meridionalisCAE47236	FragmentPLA2
MoxGTYSYSFENGDIVCGGDDPCLR	127	V.a.meridionalisCAE47179	FragmentPLA2
MEWYPEAAANAER	75	V.a.ammodytesAMB36337	CRISP
CILSHSPR	57	V.berusB7FDI1	CRISP
SVNPTASNMLK	54	V.a.ammodytesAMB36337	CRISP
SVDFDSESPR	48	V.a.ammodytesAMB36337	CRISP
(213.2)XCFGENXNTYDTK	denovo	V.a.aspisCAE47205	PLA2
(213.2)XCFGENXNTYDTK	denovo	V.a.aspisCAE47205	PLA2
(604.6)VCGGDDPCLR	denovo	V.a.aspisCAE47133	PLA2
MEWYPEAAANAER	denovo	V.a.ammodytesAMB36337	CRISP
SVDFDSESPR	denovo	V.a.ammodytesAMB36337	CRISP
(143.1)IYDHSPR	denovo	V.a.senlikiQHR82745	CRISP
MEWYPEAAANAER	405	V.berusB7FDI1	CRISP
CGENIYMoxSTSPMoxK			
WTAIIHEWHGEEK			
KPEIQNEIIDLHNSLR			
SVNPTASNMoxLKMoxEWYPEAAANAER			
CCFVHDCCYGR	153	V.a.ammodytesQ910A1	PLA2
VAAICFGENMoxNTYDK			
IVCGGDDPCLR	82	V.a.aspisCAE47133	PLA2
VAAICFGENMoxNTYDKK	53	V.a.ammodytesQ910A1	PLA2
TNDFYCR	denovo	V.a.ammodytesQBF53417	SVMP
PPPIYFSDCSR	denovo	V.a.ammodytesQBF53417	SVMP
PPPIYFSDCSR	denovo	V.a.ammodytesQBF53417	SVMP
TNDFYCR	denovo	V.a.ammodytesQBF53417	SVMP
CGENIYMATYPAK	154	P.flavoviridisQ8JI39	CRISP
MoxEWYPEAAANAER			
KPEIQNEIIDLHNSLR	61	V.a.ammodytesAMB36337	CRISP
SVNPTASNMLK	60	V.a.ammodytesAMB36337	CRISP
MEWYPEAAANAER	denovo	V.a.ammodytesAMB36337	CRISP
(329.1)NIYMSTSPMK	denovo	V.a.ammodytesAMB36337	CRISP
VAAICFGENMNTYDK	215	V.a.meridionalisCAE47179	PLA2
MoxGTYSYSFENGDIVCGGDDPCLR			
GEPLDATDR	60	V.a.aspisCAE47133	PLA2
YMLYSLFDCK	60	V.a.meridionalisCAE47179	PLA2
MoxGTYSYSFENGDIVCGGDDPCLR	66	V.a.meridionalisCAE47179	FragmentPLA2
IVCGGDDPCLR	65	V.a.aspisCAE47133	FragmentPLA2
TLCAGILQGGIDSCK	197	V.a.ammodytesP0DPS3	SVSP
VIGGDECNINEHPFLVALHTAR			
IMoxGWGTITTTK	156	V.a.ammodytesA0A1I9KNP0	SVSP
FHCAGTLLNKEWVLTAAR	111	V.a.ammodytesQBF53414	SVSP
VIGGDECNINEHR	81	V.a.ammodytesAMB36343	SVSP
TSTHIAPLSLPSSPPSVGSVCR	72	V.a.ammodytesAMB36344	SVSP
VVCAGIWQGGK	64	V.a.ammodytesQBF53412	SVSP
VIGGDECNINEHR	84	V.a.ammodytesAMB36343	SVSP
TLCAGILQGGIDTCK	60	V.a.ammodytesAMB36345	SVSP
TSTHIAPLSLPSSPPSVGSVCR	49	V.a.ammodytesAMB36344	SVSP
TSTHIAPLSLPSSPPSVGSVCR	136	V.a.ammodytesAMB36344	SVSP
GGIDTCQADSGGPLICNGQLQGIVSWGYR			
VLNEDEETREPTEK	62	V.a.ammodytesAMB36346	SVSP
VLNEDEETR	59	V.a.ammodytesAMB36346	SVSP
TSTHIAPLSLPSSPPSVGSVCR	105	V.a.ammodytesAMB36344	SVSP
CAGTLINQEWVLTAAHCNGK	52	V.a.ammodytesQBF53412	SVSP
SRTLCAGILR	45	V.a.ammodytesAMB36346	SVSP
VLNEDEETREPTEK	189	V.a.ammodytesAMB36344	SVSP
TSTHIAPLSLPSSPPSVGSVCR			
VVCAGIWQGGK	62	V.a.ammodytesQBF53412	SVSP
VVCAGIWQGGK	48	V.a.ammodytesQBF53412	SVSP
VIGGDECNINEHR	61	V.a.ammodytesAMB36343	SVSP
VVCAGIWQGGK	140	V.a.ammodytesQBF53412	SVSP
CAGTLINQEWVLTAAHCNGK			
AAYPWLLER	65	V.a.ammodytesAMB36344	SVSP
TSTHIAPLSLPSSPPSVGSVCR			
TSTHIAPLSLPSSPPSVGSVCR	107	V.a.ammodytesAMB36344	SVSP
CAGTLINQEWVLTAAHCNGK	76	V.a.ammodytesQBF53412	SVSP
VVCAGIWQGGK	63	V.a.ammodytesQBF53412	SVSP
LHSWVKCESGECCDQCR	37	V.a.ammodytesQBF53417	SVMP
VVCAGIWQGGK	49	V.a.ammodytesQBF53412	SVSP
IMGWGTTTPTK	36	V.a.ammodytesA0A1I9KNP0	SVSP
TWEDAENFCQK	74	V.a.ammodytesAMB36338	CTL
HLATIEWLGK	47	V.a.ammodytesAMB36338	CTL
LVIVVDHSMoxVEK	63	V.a.ammodytesAMB36352	SVMP
TDIVSPPVCGNGLLEK	61	V.a.ammodytesAMB36352	SVMP
IAPFSLPSSPPSVGSVCR	96	V.a.ammodytesQBF53414	SVSP
VIGGDECNINEHR	81	V.a.ammodytesAMB36343	SVSP
SYTLWDKDIMLIR	68	V.a.ammodytesQBF53414	SVSP
VLNEDEETR	144	V.a.ammodytesAMB36344	SVSP
TSTHIAPLSLPSSPPSVGSVCR			
VIGGDECNINEHR	66	V.a.ammodytesAMB36343	SVSP
VVCAGIWQGGK	66	V.a.ammodytesQBF53412	SVSP
CNSSQYFVCQSR	78	V.a.ammodytesAPB93444	CTL
CNSSQYFVCQSR	62	V.a.ammodytesAPB93444	CTL
ADIVWIGLR	48	V.a.ammodytesAPB93444	CTL
AWSDEPNCFVAK	48	V.a.ammodytesAPB93444	CTL
SAGQLYEESLR	57	V.a.ammodytesQBF53419	FragmentLAO
VTVLEASER	53	V.a.ammodytesQBF53419	FragmentLAO
YPVKPSEEGK	47	V.a.ammodytesQBF53419	FragmentLAO
SAGQLYEESLR	76	V.a.ammodytesQBF53419	FragmentLAO
YPVKPSEEGK	51	V.a.ammodytesQBF53419	FragmentLAO
VTVLEASER	43	V.a.ammodytesQBF53419	FragmentLAO
SYCVYFSSTK	denovo	M.lebetinaB4XT02	CTL
LVSQNIKESR	denovo	M.lebetinaB4XSY4	CTL
TWEDAEKFCTK	denovo	V.a.ammodytesAPB93444	CTL
CNSSQYFVCQSR	66	V.a.ammodytesAPB93444	CTL
TWEDAEKFCTQ	denovo	V.a.ammodytesAMB36340	CTL
AAYPWLLER	53	V.a.ammodytesAMB36344	SVSP
TSTHIAPLSLPSSPPSVGSVCR	52	V.a.ammodytesAMB36344	SVSP
AAYPWLLER	68	V.a.ammodytesAMB36344	SVSP
TSTHIAPLSLPSSPPSVGSVCR	54	V.a.ammodytesAMB36344	SVSP
TWEDAEKFCTQ	denovo	V.a.ammodytesAMB36340	CTL
WVNXYCGXR	denovo	T.stejnegeriQ71RR4	CTL
VWNBCNWGWSNGAK	denovo	V.a.ammodytesAPB93445	CTL
SYCVYFSSTK	denovo	M.lebetinaB4XT02	CTL
TSTHIAPLSLPSSPPSVGSVCR	67	V.a.ammodytesAMB36344	SVSP
AAYPWLLER	42	V.a.ammodytesAMB36344	SVSP
AAYPWLLER	64	V.a.ammodytesAMB36344	SVSP
TSTHIAPLSLPSSPPSVGSVCR	59	V.a.ammodytesAMB36344	SVSP
KFWEDDGIHGGK	80	V.a.ammodytesQBF53419	FragmentLAO
IKFEPPLPPK	63	V.a.ammodytesQBF53419	FragmentLAO
EEIQTFCYPSMoxIQK	50	V.a.ammodytes3KVEA	FragmentLAO
YVIVCTTSR	denovo	V.a.ammodytesQBF53419	FragmentLAO
STTDGLPSR	denovo	V.a.ammodytesQBF53419	FragmentLAO
(156.1)IVCTTSR	denovo	V.a.ammodytesQBF53419	FragmentLAO
YVIVCTTSGR	denovo	V.a.ammodytesQBF53419	FragmentLAO
NVEEGWYANLGPMR	75	V.a.ammodytesQBF53419	LAO
NVEEGWYANLGPMoxR			
KFWEDDGIHGGK	74	V.a.ammodytesQBF53419	LAO
IKFEPPLPPK	63	V.a.ammodytesQBF53419	LAO
TSADYVWIGLWNQR	65	V.a.ammodytesQBF53411	CTL(SVMP-PIV)
DCQNPCCDAATCK	58	V.a.ammodytesQBF53415	SVMP
LYCLNNSPGNK	58	V.a.ammodytesQBF53415	SVMP
ATVAEDSCFEENLK	88	V.a.ammodytesQBF53415	SVMP
LYCLNNSPGNK	48	V.a.ammodytesQBF53415	SVMP
SAGQLYEESLRK	43	V.a.ammodytesQBF53419	LAO
SYCVYFSSTK	denovo	M.lebetinaB4XT02	CTL
LTPGSECGDGECCDQCR	125	V.a.ammodytesAHB62069	SVMP
CIDNKPLR	52	V.a.ammodytesP0DJE2	SVMP
LTPGSQCADGECCDQCR	46	V.a.ammodytesQBF53418	SVMP
LTPGSECGDGECCDQCR	120	V.a.ammodytesAHB62069	SVMP
CIDNKPLR	97	V.a.ammodytesP0DJE2	SVMP
FTHSPDDPDYGMoxVDLGTK			
ESVGIVQDHSK	77	V.a.ammodytesAJC52543	SVMP
VLNEDEETR	96	V.a.ammodytesAMB36344	SVSP
TSTHIAPLSLPSSPPSVGSVCR			
LVSQNIKESR	denovo	M.lebetinaB4XSY4	CTL
TWEDAEKFCTK	denovo	V.a.ammodytesAPB93444	CTL
SYCVYFSSTK	denovo	M.lebetinaB4XT02	CTL
NPQCILNKPLR	75	V.a.ammodytesAMB36351	SVMP
SYCVYFSSTK	denovo	M.lebetinaB4XT02	CTL
IACAPEDVK	35	V.a.ammodytesQBF53416	SVMP
DCQNPCCNAATCK	128	V.a.ammodytesAGL45259	SVMP
LTPGSQCADGECCDQCK			
LGNEYGYCR			
NPCQIYYTPR			
ZBW	denovo		SVMPi
ZDPXDPPNPP	denovo		BPP
ZDPXDPPNPP	denovo		BPP
(330.2)PPGPKVPP	denovo	V.a.ammodytesAMB36336	BPP
ZDPXDPPNPP	denovo		BPP
FYYDSASNK	45	M.l.transmediterraneaI2G9B4	Kunitz-typeserineproteaseinhibitor
TFIYGGC(327.1)	denovo	V.a.ammodytesAMH40739	Kunitz-typeserineproteaseinhibitor
IGSVSGLGCNK	88	V.a.ammodytesAMB36336	SVMPi
KVPPNSCFGHK			
PSFYYDSASNK	denovo	V.b.nikolskiiE5AJX3	Kunitz-typeserineproteaseinhibitor
TFIYGGCHGNANK	denovo	V.a.ammodytesAMH40739	Kunitz-typeserineproteaseinhibitor
GDDMoxNDYCTGISSDCPR	78	V.b.berusP0C6A6	Disintegrin
(369.2)NPCCDPVTCKPR	denovo	V.a.ammodytesAPB93446	Disintegrin
PSFYYDSAVNK	denovo	V.b.nikolskiiE5AJX3	Kunitz-typeserineproteaseinhibitor
GDWNDDYCTGISSDCPR	58	V.a.ammodytesAMB36349	Disintegrin
CTGQDCYGGVAR	54	V.a.senlikiQHR82711	Fragment5'-nucleotidase
SGVTVAPDGR	denovo	V.a.ammodytesP0DJE2	DCdomain
YDYSEDPDYGMVDHGTK	57	V.a.ammodytesQBF53416	DCdomain
YDYSEDPDYGMoxVDHGTK	44	V.a.ammodytesQBF53416	DCdomain
GESYFYCR	denovo	V.a.ammodytesQBF53416	DCdomain
(399.1)PIPCAPEDIK	denovo	V.a.ammodytesQBF53416	DCdomain
FLNPGTICK	denovo	V.a.ammodytesAMB36347	Disintegrin
(533.2)PCCDPITCKPR	denovo	V.a.ammodytesAMB36347	Disintegrin
(315.8)CTGISSDCPR	denovo	V.a.ammodytesAMB36347	Disintegrin
(598.3)NDYCTGISSDCPR	denovo	V.a.ammodytesAMB36347	Disintegrin
CSGCCTDESLK	54	V.a.ammodytesAPB93447	VEGF
CSGCCTDESLK	denovo	V.a.ammodytesP67863	VEGF
CSGCCTDESLK	denovo	V.a.ammodytesP67863	VEGF
FTEHTACECR	denovo	V.a.ammodytesP67863	VEGF
(201.1)TVDLQI(258.1)	denovo	V.a.ammodytesP67863	VEGF
CSGCCTDESLK	denovo	V.a.ammodytesP67863	VEGF
GEPLDATDR	40	V.b.berusCAE47152	PLA2
VAAICFGENMoxNTYDK	35	V.a.aspisAAN59986	PLA2
(968.5)CCFVHDCCYGR	denovo	V.a.zinnikeriCAE47307	PLA2
(1480.6)VCGGDDPCSR	denovo	V.a.ammodytesCAE47243	PLA2
(213.2)ICFGENLNTYD(305.1)	denovo	V.a.ammodytesCAE47243	PLA2
SVDFDSESPR	62	V.a.ammodytesAMB36337	CRISP
MoxEWYPEAAANAER	56	V.a.ammodytesAMB36337	CRISP
SVNPTASNMLK	53	V.a.ammodytesAMB36337	CRISP
VAAICFGENMoxNTYDK	45	V.a.aspisAAN59986	PLA2
MEWYPEAAANAER	66	V.a.ammodytesAMB36337	CRISP
SVNPTASNMoxLK	62	V.a.ammodytesAMB36337	CRISP
VAAICFGENMoxNTYDK	38	V.a.aspisAAN59986	PLA2
GEPLDATDR	40	V.b.berusCAE47152	PLA2
VIGGNECNINEHR	54	V.a.ammodytesAMB36343	SVSP
ASYALPPR	48	V.a.ammodytesAMB36343	SVSP
SLPSSPPSEGSVCR	denovo	V.a.ammodytesAMB36343	SVSP
IMoxGWGTITTTK	74	V.a.ammodytesA0A1I9KNP0	SVSP
NIQNEDEQIR	62	V.a.ammodytesA0A1I9KNP0	SVSP
IMGWGTITTTK	59	V.a.senlikiQHR82813	SVSP
VIGGNECNINEHR	52	V.a.ammodytesAMB36343	SVSP
VIGGDECNINEHPFLVALHTAR	68	V.a.ammodytesP0DPS3	SVSP
NVPNEDEQXR	denovo	V.a.ammodytesA0A1I9KNP0	SVSP
NVPNEDEQXRVPK	denovo	V.a.ammodytesA0A1I9KNP0	SVSP
EKFFCLSSK	denovo	V.a.ammodytesA0A1I9KNP0	SVSP
SFENGDIVCGGDDPCLR	denovo	V.a.aspisCAE47158	PLA2
(303.0)FVHDCCYGR	denovo	V.a.aspisCAE47158	PLA2
WDKDIMLIR	44	V.a.ammodytesQBF53414	SVSP
AAYSGLPAQSR	denovo	V.a.ammodytesQBF53413	SVSP
IAPLSLPSSPPR	denovo	V.a.ammodytesQBF53413	SVSP
IMoxGWGTTTPTK	42	C.mitchelliiAUS82526	SVSP
AAYSGLPAQSR	denovo	V.a.ammodytesQBF53413	SVSP
IAPLSLPSSPPR	denovo	V.a.ammodytesQBF53413	SVSP
VIGGDECNINEHPFLVALHTAR	68	V.a.ammodytesP0DPS3	SVSP
IMoxGWGTITTTK	57	V.a.ammodytesA0A1I9KNP0	SVSP
AAYPWLLER	62	V.a.ammodytesAMB36346	SVSP
IMGWGTTTPTK	42	C.mitchelliiAUS82526	SVSP
IMoxGWGTTTPTK	43	C.mitchelliiAUS82526	SVSP
AENPWLPAQSR	38	V.a.ammodytesAMB36345	SVSP
KVLNEDEETREPTEK	59	V.a.ammodytesAMB36346	SVSP
(426.1)IAPLSLPSSPPSVGSVCR	denovo	V.a.senlikiQHR82810	SVSP
AAYPWLLER	denovo	V.a.ammodytesAMB36346	SVSP
KVLNEDEETREPTEK	49	V.a.ammodytesAMB36346	SVSP
AAYPWLLER	49	V.a.ammodytesAMB36346	SVSP
KVLNEDEETREPTEK	62	V.a.ammodytesAMB36346	SVSP
(901.4)INEHPFLAFVTSDR	denovo	V.b.nikolskiiE5AJX2	SVSP
SYTLWDKDIMLIR	75	V.a.ammodytesQBF53414	SVSP
AAYPWLLER	50	V.a.ammodytesAMB36346	SVSP
KVLNEDEETREPTEK	46	V.a.ammodytesAMB36346	SVSP
SYTLWDKDIMLIR	53	V.a.ammodytesQBF53414	SVSP
IYDYSVCR	denovo	V.a.ammodytesQBF53414	SVSP
AAYPWLLEGR	denovo	V.a.ammodytesAMB36346	SVSP
(281.2)FSLPSSPPSVGSVCR	denovo	V.a.ammodytesQBF53414	SVSP
AAYPWLLER	59	V.a.ammodytesAMB36346	SVSP
SYTLWDKDIMLIR	47	V.a.ammodytesQBF53414	SVSP
NAYGGLPEKSR	65	V.a.ammodytesQBF53414	SVSP
AAYPWLLER	59	V.a.ammodytesAMB36346	SVSP
VVCAGIWQGGK	48	V.a.ammodytesQBF53412	SVSP
VIGGNECNINEHR	48	V.a.ammodytesAMB36343	SVSP
(200.1)PSSPPSVGSVCR	denovo	V.a.ammodytesQBF53414	SVSP
SYTLWDKDIMLIR	85	V.a.ammodytesQBF53414	SVSP
SYTLWDKDIMoxLIR			
VIGGNECNINEHR	52	V.a.ammodytesAMB36343	SVSP
VLNEDEETREPTEK	49	V.a.ammodytesAMB36346	SVSP
NYTLWDKDIMLIR	48	V.a.ammodytesQBF53412	SVSP
HLATIEWLGK	61	V.a.ammodytesAMB36338	CTL
TWEDAENFCQK	denovo	V.a.ammodytesAMB36338	CTL
EDDYEEFLEIAR	68	V.a.ammodytesQBF53419	LAO
HDDIFAYEK	45	V.a.ammodytesQBF53419	LAO
QQCSSHWTDGSAVSYENVVYNTR	48	V.a.ammodytesAMB36338	CTL
ANFVAELVTLTKPETHVWIGLR	139	V.a.ammodytesAMB36338	CTL
HLATIEWLGK	63	V.a.ammodytesAMB36338	CTL
QQCSSHWTDGSAVSYENVVYNTR	58	V.a.ammodytesAMB36338	CTL
YDIVWMoxGLR	58	V.a.ammodytesAMB36341	CTL
ANFVAELVTLTKPETHVWIGLR.	259	V.a.ammodytesAMB36338	CTL
QQCSSHWTDGSAVSYENVVYNTR			
YDIVWMGLR	59	V.a.ammodytesAMB36341	CTL
VLNEDEETR	65	V.a.ammodytesAMB36346	SVSP
IYDYSVCR	denovo	V.a.ammodytesQBF53414	SVSP
VVCAGIWQGGK	denovo	V.a.ammodytesQBF53412	SVSP
AAYPWLLER	62	V.a.ammodytesAMB36346	SVSP
HLATIEWLGK	46	V.a.ammodytesAMB36338	CTL
HLATIEWLGK	46	V.a.ammodytesAMB36338	CTL
VWBCNWGWSNGAK	denovo	MacroviperalebetinaB4XT02	CTL
SYCVYFSSTK	denovo	MacroviperalebetinaB4XT02	CTL
(557.2)GWSAYDBHCYK	denovo	MacroviperalebetinaB4XT02	CTL
AAYPWLLER	48	V.a.ammodytesAMB36346	SVSP
VVCAGIWQGGK	denovo	V.a.ammodytesQBF53412	SVSP
IMoxGWGTISSXK	denovo	V.b.nikolskiiE5AJX2	SVSP
AAYPWLLWR	denovo	V.a.ammodytesAMB36344	SVSP
YAMoxGAITTFTPYQFQHFSEALTAPEGR	80	V.a.ammodytesQBF53419	LAOFragment
KVLNEDEETREPTEK	60	V.a.ammodytesAMB36346	SVSP
AAYPWLLER	58	V.a.ammodytesAMB36346	SVSP
KFWEDDGIHGGK	70	V.a.ammodytesQBF53419	LAOFragment
IKFEPPLPPK	51	V.a.ammodytesQBF53419	LAOFragment
AHGWIDSTIK	41	V.a.ammodytesQBF53419	LAOFragment
QQCSSHWTDGSAVSYENVVYNTR	45	V.a.ammodytesAMB36338	CTL
(372.2)SDWSSHEGHCYK	denovo	V.a.ammodytesAMB36340	CTL
STEEVDFMTK	denovo	V.a.ammodytesAPB93444	CTL
(602.3)WSAYDQHCYK	denovo	V.a.ammodytesQBF53411	CTL
SYCVYFSSTK	denovo	MacroviperalebetinaB4XT02	CTL
GSYCVYFSSTK	denovo	MacroviperalebetinaB4XT02	CTL
VDFFMoxYEGPAPR	65	M.lebetinaW8E7D1	PDE
AERPDFVTLYIEEPDTTGHK	59	M.lebetinaW8E7D1	PDE
DFYTFDSEGIVR	denovo	M.lebetinaW8E7D1	PDE
ATVAEDSCFEENLK	158	V.a.ammodytesQBF53415	SVMPIII
DECDVPEHCTGQSAECPR			
LIGVEFWCDR	55	V.a.ammodytesQBF53415	SVMPIII
VVCAGIWQGGK	63	V.a.ammodytesQBF53412	SVSP
TSTHIAPLSLPSSPPSVGSVCR	50	V.a.ammodytesAMB36346	SVSP
IYDYSVCR	42	V.a.ammodytesQBF53414	SVSP
AAYPWLLER	61	V.a.ammodytesAMB36346	SVSP
TSTHIAPLSLPSSPPSVGSVCR	47	V.a.ammodytesAMB36346	SVSP
TSADYVWIGLWNQR	80	V.a.ammodytesQBF53411	CTL
CGDDYPFVCK	denovo	V.a.ammodytesQBF53411	CTL
(778.3)WSAYDQHCYK	denovo	V.a.ammodytesQBF53411	CTL
GDDYPFVCK	denovo	V.a.ammodytesQBF53411	CTL
TSADYVWIGLWNQR	66	V.a.ammodytesQBF53411	CTL
CGDDYPFVCK	57	V.a.ammodytesQBF53411	CTL
VFKEEMoxNWADAEK	116	M.lebetinaAJO70723	CTL
TSADYVWIGLWNQR	70	V.a.ammodytesQBF53411	CTL
CGDDYPFVCK	41	V.a.ammodytesQBF53411	CTL
LHSWVECESGECCDQCR	76	V.a.ammodytesQBF53417	SVMP
KGTDDFYCR	62	V.a.ammodytesQBF53417	SVMP
VALVYLEMoxWTNR	53	V.a.ammodytesAMB36352	SVMP
GTDDFYCR	48	V.a.ammodytesQBF53417	SVMP
VIGGDECNINEHR	78	V.a.ammodytesAMB36343	SVSP
VVCAGIWQGGK	67	V.b.nikolskiiE5AJX2	SVSP
AAYPWLLER	64	V.a.ammodytesAMB36346	SVSP
(730.3)NINEHPFLAFVTSDR	denovo	V.b.nikolskiiE5AJX2	SVSP
VLNEDEETR	67	V.a.ammodytesAMB36344	SVSP
DQDCLPGWSFYEGHCYK	73	V.a.ammodytesAMB36338	CTL
TWEDAENFCQK	62	V.a.ammodytesAMB36338	CTL
AWSDEPNCFVAK	45	V.a.ammodytesAPB93444	CTL
SYCVYFSSTK	denovo	MacroviperalebetinaB4XT02	CTL
AWNEGINCFVFK	denovo	V.a.ammodytesAPB93445	CTL
LADDFMoxGSTWQEK	90	P.mucrosquamatusXP015676063	xaa-Proaminopeptidase2
EIPQENLLEDDFSPVMLSK	64	P.mucrosquamatusXP015676063	xaa-Proaminopeptidase2
TLNMPEVNLVDLVWGSER	57	N.scutatusXP026530513	xaa-Proaminopeptidase
IYEMoxVNTLNVVFR	84	V.a.ammodytesAMB36352	SVMPlll
VALVYLEMWTNR	62	V.a.ammodytesAMB36352	SVMPlll
ATVAEDSCFEENLK	57	V.a.ammodytesQBF53415	SVMP
LIGVEFWCDR	54	V.a.ammodytesQBF53415	SVMPlll
LADDFMoxGSTWQEK	83	P.mucrosquamatusXP015676063	xaa-Proaminopeptidase
LPPPTNTIYR	60	P.mucrosquamatusXP015676063	xaa-Proaminopeptidase
VVCAGIWQGGK	75	V.a.ammodytesQBF53412	SVSP
SAGQLYEESLR	41	V.a.ammodytesQBF53419	FragmentLAO
AAYPWLLER	57	V.a.ammodytesAMB36346	SVSP
TSTHIAPLSLPSSPPSVGSVCR	56	V.a.ammodytesAMB36346	SVSP
DQDCLPGWSFYEGHCYK	49	V.a.ammodytesAMB36338	CTL
AWSDEPNCFVAK	40	V.a.ammodytesAPB93444	CTL
SYCVYFSSTK	denovo	MacroviperalebetinaB4XT02	CTL
AWNEGINCFVFK	denovo	V.a.ammodytesAPB93445	CTL
AWNEGINCFVF(204.1)	denovo	V.a.ammodytesAPB93445	CTL
(221.1)FVWIGLR	denovo	MacroviperalebetinaB4XSY4	CTL
HLATIEWLGK	43	V.a.ammodytesAMB36338	CTL
GSYCVYFSSTK	denovo	MacroviperalebetinaB4XT02	CTL
SYCVYFSSTK	denovo	MacroviperalebetinaB4XT02	CTL
NPQCILNKPLR	70	V.a.ammodytesAMB36351	SVMPll
TWAHQLVNNIIVFYR	60	V.a.ammodytesAMB36351	SVMPll
LTPGSECGDGECCDQCR	122	V.a.ammodytesAHB62069	SVMP
KSVAVVQDHSK	68	V.a.ammodytesAJC52543	SVMP
TSTHIAPLSLPSSPPSVGSVCR	68	V.a.ammodytesAMB36344	SVSP
VVCAGIWQGGK	62	V.a.ammodytesQBF53412	SVSP
TWEDAENFCQK	45	V.a.ammodytesAMB36338	CTL
SYCVYFSSTK	denovo	MacroviperalebetinaB4XT02	CTL
GSYCVYFSSTK	denovo	MacroviperalebetinaB4XT02	CTL
ASQLNLTPEQQR	663	V.a.ammodytesAGL45259	PIII-SVMP
LVIVADYIMFLK			
IYEIVNLLNVIYR			
SCIMoxSGTLSCEASIR			
LTPGSQCADGECCDQCK			
QCISLFGASATVAQDACFQFNR			
AGTVCRPANGECDVSDVCTGQSAECPTDQFQR			
NPCQIYYTPR	denovo	V.a.ammodytesQBF53418	PIII-SVMP
LYCFDNLPEHK	denovo	V.a.ammodytesAGL45259	PIII-SVMP
(177.1)CTGQSAECPTDQFQR	denovo	V.a.ammodytesAGL45259	PIII-SVMP
YLVELGEDCDCGSPR	denovo	V.a.ammodytesAGL45259	PIII-SVMP
NNGYCYNGXCPILGK	denovo	V.a.ammodytesAGL45259	PIII-SVMP
ZBW	denovo		SVMPi
ZNW	denovo		SVMPi
ZBW	denovo		SVMPi
QPWPGPK	denovo	V.aspisP31351	BPP
FCYLPAEPGECNAYMPSFYYDSASNKCK	66	V.b.nikolskiiE5AJX3	Kunitz-typeserineproteaseinhibitor
FYYDSASNK	denovo	V.b.nikolskiiE5AJX3	Kunitz-typeserineproteaseinhibitor
PSFYYDSASNK	denovo	V.b.nikolskiiE5AJX3	Kunitz-typeserineproteaseinhibitor
EFIYGGCHGNANK	61	V.a.ammodytesAMH40739	Kunitz-typeserineproteaseinhibitor
HTCVASGKGIQP	39	V.a.ammodytesAMH40736	Kunitz-typeserineproteaseinhibitor
AYMPSFYYDSASNK	denovo	V.a.ammodytesP00992	Kunitz-typeserineproteaseinhibitor
AYMPSFYYDSAvNK	denovo	V.a.ammodytesP00992	Kunitz-typeserineproteaseinhibitor
TFXYGGCproP(301.1)	denovo	V.b.nikolskiiE5AJX3	Kunitz-typeserineproteaseinhibitor
HIVVVGAGMoxSGLSAAYVLAGAGHK	68	V.a.ammodytesQBF53419	FragmentLAO
ENDVPIPCAPEDIKCGR	37	V.a.ammodytesQBF53416	DCdomain
KENDVPIPCAPEDIK	58	V.a.ammodytesQBF53416	DCdomain
ENDVPIPCAPEDIK			
YDYSEDPDYGMoxVDHGTK			
KENDVPIPCAPEDIK	153	V.a.ammodytesQBF53416	DCdomain
YDYSEDPDYGMVDHGTK			
ENDVPIPCAPEDIKCGR	75	V.a.ammodytesQBF53416	DCdomain
CADGKVCINR	60	V.a.ammodytesQBF53416	DCdomain
FLNPGTICKR	65	V.a.ammodytesAMB36347	Disintegrin
AMLDGLNDYCTGISSDCPR	161	V.a.ammodytesAMB36347	Disintegrin
AMLDGLNDYCTGISTDCPR	111	V.a.ammodytesAMB36347	Disintegrin
ETLVSILQEYPDEISDIFRPSCVAVLR	120	V.a.aspisP83942	VEGF
HTVDLQIMR	46	V.a.aspisP83942	VEGF
HTVDLQIMR	103	V.a.aspisP83942	VEGF
HTVDLQIMoxR			
ETLVSILQEYPDEISDIFRPSCVAVLR			
HTVDLQIMR	129	V.a.aspisP83942	VEGF
FTEHTACECRPR			
ETLVSILQEYPDEISDIFRPSCVAVLR			
CCFVHDCCYGR	61	V.a.ammodytesQ910A1	PLA2
VAAICFGENMoxNTYDKK			
(515.2)FGENCpNTYDKK	denovo	V.renardiF8QN51	PLA2
(337.1)LYSLFDGCK	denovo	V.ursiniiCAE47156	PLA2
VAAICFGENMNTYDK	183	V.a.ruffoiCAE47115	PLA2
VAAICFGENMoxNTYDK			
VAAICFGENMNTYDKK			
CCFVHDCCYGR	denovo	V.a.aspisCAE47291	PLA2
(269.2)FSYSDYGCYCGWGGK	denovo	V.a.ammodytesCAE47243	PLA2
MGTYSYSFENGDIVCGGDDPCLR	40	V.a.meridionalisCAE47179	PLA2
AAAICproFGENLNTYDTK	denovo	V.a.aspisCAE47205	PLA2
(623.1)HDCCYGR	denovo	V.a.zinnikeriCAE47307	PLA2
VAAICFGENMoxNTYDK	68	V.a.ruffoiCAE47115	PLA2
VAAICFGENMNTYDKK			
SALFSYSDYGCYCGWGGK	114	V.a.meridionalisCAE47236	FragmentPLA2
(303.1)FVHDCCYGR	denovo	V.a.ammodytesP14424	FragmentPLA2
MEWYPEAAANAER	77	V.b.nikolskiiB7FDI0	CRISP
MoxEWYPEAAANAER			
SVDFDSESPR	64	V.a.ammodytesAMB36337	CRISP
CCFVHDCCYGR	denovo	V.a.zinnikeriCAE47307	PLA2
IVCGGDDPCLR	denovo	V.a.ruffoiCAE47116	PLA2
VAAICFGENMoxNTYDK	258	V.a.meridionalisCAE47179	PLA2
VAAICFGENMNTYDKK			
MGTYSYSFENGDIVCGGDDPCLR			
CCFVHDCCYGR	denovo	V.a.meridionalisCAE47179	PLA2
YMLYSLFDCK	64	V.a.meridionalisCAE47179	PLA2
VAAICFGENMNTYDK	62	V.a.ruffoiCAE47115	PLA2
VAAICFGENMNTYDKK			
VAAICFGENMNTYDKK	53	V.a.ruffoiCAE47115	FragmentPLA2
VAAICFGENMoxNTYDK			
VAAICFGENMNTYDK	54	V.a.ruffoiCAE47115	PLA2
VAAICFGENMoxNTYDKK			
VAAICFGENMNTYDK	62	V.a.ruffoiCAE47115	FragmentPLA2
VAAICFGENMoxNTYDK			
GEPLDATDR	45	V.a.aspisCAE47133	PLA2
AVCECDGR	denovo	V.a.aspisCAE47133	PLA2
VAAICFGENCproNTYDNK	denovo	V.a.aspisCAE47133	PLA2
NGKPLDATDR	denovo	V.a.aspisCAE47133	FragmentPLA2
VAAICFGENCproNTYDK	denovo	V.a.aspisCAE47133	FragmentPLA2
BSYAXPPGR	denovo	V.a.ammodytesAMB36343	SVSP
LCAGIP(232.1)	denovo	V.a.ammodytesAMB36343	SVSP
ASYALPPR	denovo	V.a.ammodytesAMB36343	SVSP
VIGGDECNINEHPFLVALHTAR	98	V.a.ammodytesP0DPS3	SVSP
(342.1)NEHPFLVALHTAR	denovo	V.a.ammodytesP0DPS3	SVSP
VIGGDECNINEHPFLVALHTAR	110	V.a.ammodytesP0DPS3	SVSP
KVLNEDEQIR	42	V.a.ammodytesAMB36344	SVSP
VVEAQSQVVSGVK	82	V.a.senlikiQHR82747	Cystatin
VAAICFGENMNTYDKK	50	V.a.ruffoiCAE47115	PLA2
CCFVHDCCYGR	denovo	V.a.ruffoiCAE47115	PLA2
NGKPLDATDR	denovo	V.a.aspisCAE47133	PLA2
WDKDIMLIR	47	V.a.ammodytesQBF53414	SVSP
IAPLSLPSSPPR	denovo	V.a.ammodytesAMB36345	SVSP
(730.3)NINEHPFLAFVTSD	denovo	V.a.ammodytesQBF53412	SVSP
KVLNEDEETREPTEK	62	V.a.ammodytesAMB36344	SVSP
NIQNEDEQIR	59	P.mucrosquamatusXP015671564	SVSP
VIGGDECNINEHPFLVALHTAR	56	V.a.ammodytesP0DPS3	SVSP
VIGGDECNINEHPFLVALHTAR	91	V.a.ammodytesP0DPS3	SVSP
CAGTLINQEWVLTAAHCNGK	56	V.a.ammodytesQBF53412	SVSP
IMoxGWGTISSXK	denovo	V.b.nikolskiiE5AJX2	SVSP
VILPDVPHCANIEIIK	61	V.a.ammodytesQBF53412	SVSP
VVCAGIWQGGK	45	V.a.ammodytesQBF53412	SVSP
ADLVWIGLR	56	V.a.ammodytesAPB93444	CTL
(303.1)FVHDCCYGR	denovo	V.a.ruffoiCAE47115	PLA2
BNEHPFLAFVTSDR	denovo	V.b.nikolskiiE5AJX2	SVSP
IFDYSDWIQ	denovo	V.b.nikolskiiE5AJX2	SVSP
(598.3)NQEWVLTAAHCNGK	denovo	V.b.nikolskiiE5AJX2	SVSP
CAGTLINQEWVLTAAHCNGK	76	V.a.ammodytesQBF53412	SVSP
AAYPWLLER	68	V.a.ammodytesAMB36344	SVSP
VVCAGIWQGGK	59	V.a.ammodytesQBF53412	SVSP
VVGGDECNINEHR	93	V.a.ammodytesQBF53413	SVSP
CAGTLINQEWVLTAAHCNGK	91	V.a.ammodytesQBF53412	SVSP
AAYPWLLER	67	V.a.ammodytesAMB36344	SVSP
VVCAGIWQGGK	58	V.a.ammodytesQBF53412	SVSP
VILPDVPHCANIEIIK	178	V.b.nikolskiiE5AJX2	SVSP
CAGTLINQEWVLTAAHCNGK			
VIGGDECNINEHR	80	V.a.ammodytesAMB36343	SVSP
AAYPWLLER	65	V.a.ammodytesAMB36344	SVSP
VVCAGIWQGGK	61	V.a.ammodytesQBF53412	SVSP
CAGTLINQEWVLTAAHCNGK	83	V.b.nikolskiiE5AJX2	SVSP
VIGGDECNINEHR	71	V.a.ammodytesAMB36343	SVSP
VVCAGIWQGGK	60	V.a.ammodytesQBF53412	SVSP
VILPDVPHCANIEIIK	54	V.b.nikolskiiE5AJX2	SVSP
VVCAGIWQGGK	126	V.b.nikolskiiE5AJX2	SVSP
VILPDVPHCANIEIIK			
CAGTLINQEWVLTAAHCNGK			
VLNEDEETREPTEK	72	V.a.ammodytesAMB36344	SVSP
TSTHIAPLSLPSSPPSVGSVCR			
ADLVWIGLR	65	V.a.ammodytesAPB93444	CTL
AAYPWLLER	51	V.a.ammodytesAMB36344	SVSP
AAYPWLLER	65	V.a.ammodytesAMB36344	SVSP
VAAICFGENMoxNTYDK	38	V.a.ammodytesQ910A1	PLA2
(326.1)DECNINEHR	denovo	V.a.ammodytesAMB36343	SVSP
(844.3)INEHPFLAFVTSDR	denovo	V.b.nikolskiiE5AJX2	SVSP
VLNEDEETREPTEK	82	V.a.ammodytesAMB36344	SVSP
AAYPWLLER	51	V.a.ammodytesAMB36344	SVSP
VLNEDEETR	70	V.a.ammodytesAMB36344	SVSP
AAYPWLLER	49	V.a.ammodytesAMB36344	SVSP
VLNEDEETR	67	V.a.ammodytesAMB36344	SVSP
AAYPWLLER	51	V.a.ammodytesAMB36344	SVSP
VAAICFGENMoxNTYDK	70	V.a.ruffoiCAE47115	PLA2
VAAICFGENMoxNTYDK			
ADLVWIGLR	66	V.a.ammodytesAPB93444	CTL
AAYPWLLER	65	V.a.ammodytesAMB36344	FragmentSVSP
HLATIEWLGK	70	V.a.ammodytesAMB36338	CTL
TWEDAENFCQK			
DQDCLPGWSFYEGHCYK	54	M.lebetinaB4XSY8	CTL
ADLVWIGLR	66	V.a.ammodytesAPB93444	CTL
AWSDEPNCFVAK	48	V.a.ammodytesAPB93444	CTL
(217.1)NSSQYFVCQSR	denovo	V.a.ammodytesAPB93444	CTL
AAYPWLLER	42	V.a.ammodytesAMB36344	SVSP
AAYPWLLER	54	V.a.ammodytesAMB36344	SVSP
DHAQLLYK	35	V.a.ammodytesAPB93444	CTL
ADLVWIGLR	denovo	V.a.ammodytesAPB93444	CTL
(158.1)GDFYCR	denovo	V.a.ammodytesQBF53417	SVMP
TDIVSPPVCGNGLLEK	denovo	V.a.ammodytesAMB36352	SVMP
IYDYSVCR	denovo	V.a.ammodytesQBF53414	SVSP
VIGGDECNINEHR	denovo	V.a.ammodytesAMB36343	SVSP
LNSPVTYNTHN	denovo	V.a.ammodytesQBF53414	SVSP
AAYPWLLER	63	V.a.ammodytesAMB36344	SVSP
SYTLWDKDIMLIR	61	V.a.ammodytesQBF53414	SVSP
AAYPWLLER	67	V.a.ammodytesAMB36344	SVSP
(1077.6)PSSPPSVGSVCR	denovo	V.a.ammodytesQBF53414	SVSP
ADLVWIGLR	51	V.a.ammodytesAPB93444	CTL
(184.1)EEVDFMRK	denovo	V.a.ammodytesAPB93444	CTL
DHAQLLYK	45	V.a.ammodytesAPB93444	CTL
ADLVWIGLR	denovo	V.a.ammodytesAPB93444	CTL
KVLNEDEETDR	denovo	V.a.ammodytesAMB36344	SVSP
LNSPVTYNTHIAPFSLPSSPPSVGSVCR	102	V.a.ammodytesQBF53414	SVSP
TLCAGILQGGIDTCK	99	V.a.ammodytesAMB36345	SVSP
TSTHIAPLSLPSSPPSVGSVCR	94	V.a.ammodytesAMB36344	SVSP
CAGTLINQEWVLTAAHCNGK	69	V.a.ammodytesQBF53412	SVSP
RFDEIVGGMDK	70	V.a.ammodytesQBF53419	FragmentLAO
NVEEGWYANLGPMR	69	V.a.ammodytesQBF53419	FragmentLAO
YPVKPSEEGK	52	V.a.ammodytesQBF53419	FragmentLAO
AAYPWLLER	113	V.a.ammodytesAMB36344	SVSP
VLNEDEETREPTEK			
KVLNEDEETREPTEK			
TSTHIAPLSLPSSPPSVGSVCR			
IAPFSLPSSPPSVGSVCR	91	V.a.ammodytesQBF53414	SVSP
VIGGDECNINEHR	79	V.a.ammodytesAMB36343	SVSP
IYDYSVCR	47	V.a.ammodytesQBF53414	SVSP
VTVLEASER	53	V.a.ammodytesQBF53419	FragmentLAO
SAGQLYEESLR	49	V.a.ammodytes3KVEA	FragmentLAO
AAYPWLLER	137	V.a.ammodytesAMB36344	SVSP
TSTHIAPLSLPSSPPSVGSVCR			
DQDCLPGWSYFEK	62	V.a.ammodytesAMB36341	CTL
VTVLEASER	53	V.a.ammodytesQBF53419	LAO
TSTHIAPLSLPSSPPSVGSVCR	53	V.a.ammodytesAMB36344	SVSP
AWSDEPNCFVAK	34	V.a.ammodytesAPB93444	CTL
ADLVWIGLR	66	V.a.ammodytesAPB93444	CTL
DQDCLPGWSYFEK	63	V.a.ammodytesAMB36341	CTL
AWSDEPNCFVAK	62	V.a.ammodytesAPB93444	CTL
YDIVWMoxGLR	58	V.a.ammodytesAMB36341	CTL
TTDNQWLR	56	V.a.ammodytesAPB93444	CTL
TWEDAENFCQK	55	V.a.ammodytesAMB36338	CTL
HLATIEWLGK	53	V.a.ammodytesAMB36338	CTL
TWEDAENFCQK	denovo	V.a.ammodytesAMB36338	CTL
VNLVWIGLR	denovo	V.a.ammodytesAPB93444	CTL
DQDCLPGWSFYEGHCYK	55	V.a.ammodytesAMB36338	CTL
AAYPWLLER	denovo	V.a.ammodytesAMB36344	SVSP
AAYPWLLEGR	denovo	V.a.ammodytesAMB36344	SVSP
VTVLEASER	64	V.a.ammodytesQBF53419	FragmentLAO
EDDYEEFLEIAK			
VLNEDEETREPTEK	61	V.a.ammodytesAMB36344	SVSP
AAYPWLLER	41	V.a.ammodytesAMB36344	SVSP
TLCAGILR	denovo	V.a.ammodytesAMB36344	SVSP
ANFVAELVTLTKPETHVWIGLR	149	V.a.ammodytesAMB36338	CTL
QQCSSHWTDGSAVSYENVVYNTR			
HLASIEGLGK	68	V.a.ammodytesAMB36338	CTL
TTDNQWLR	58	V.a.ammodytesAPB93444	CTL
EDDYEEFLEIAK	144	V.a.ammodytesQBF53419	LAO
NVEEGWYANLGPMoxR			
IKFEPPLPPK	54	V.a.ammodytesQBF53419	LAO
VLNEDEETR	96	V.a.ammodytesAMB36344	SVSP
VLNEDEETREPTEK			
KVLNEDEETREPTEK			
AAYPWLLEGR	denovo	V.a.ammodytesAMB36344	SVSP
AAYPWLLER	denovo	V.a.ammodytesAMB36344	SVSP
VTVIEASER	53	V.a.ammodytesQBF53419	FragmentLAO
AAYPWLLER	denovo	V.a.ammodytesAMB36344	SVSP
WDYVSCAEQYR	37	V.a.ammodytesAPB93442	CTL
(255.2)DYVSCAEQYR	denovo	V.a.ammodytesAPB93442	CTL
IIYVNWK	denovo	V.a.ammodytesAPB93442	CTL
AAYPWLLER	64	V.a.ammodytesAMB36344	SVSP
VTVLEASER	denovo	V.a.ammodytesQBF53419	FragmentLAO
GSHLASIHSSEEEAFVSK	35	D.r.limitisADK22830	CTL
WDYVSCAEQYR	denovo	V.a.ammodytesAPB93442	CTL
ADLVWIGLR	66	V.a.ammodytesAPB93444	CTL
HLATIEWLGK	50	V.a.ammodytesAMB36338	CTL
ADLVWIGLR	66	V.a.ammodytesAPB93444	CTL
VTVLEASER	66	V.a.ammodytesQBF53419	LAO
FDEIVGGMoxDK			
IKFEPPLPPK			
EDDYEEFLEIAK			
STTDLPSR	denovo	V.a.ammodytesQBF53419	LAO
EDDYEEFLEIAK	524	V.a.ammodytesQBF53419	LAO
NVEEGWYANLGPMoxR			
HIVVVGAGMSGLSAAYVLAGAGHK			
YAMoxGAITTFTPYQFQHFSEALTAPEGR			
WSLDKYAMGAITTFTPYQFQHFSEALTAPEGR			
(SA)GQLYEESLKR	denovo	V.a.ammodytesQBF53419	LAO
SAGQLYEESLKR	denovo	V.a.ammodytesQBF53419	LAO
ADDKNPLEECproFR	denovo	V.a.ammodytesQBF53419	LAO
KFWEDDGIHGGK	149	V.a.ammodytesQBF53419	LAO
YAMGAITTFTPYQFQHFSEALTAPEGR	94	V.a.ammodytesQBF53419	LAO
VTVIEASER	52	V.a.ammodytesQBF53419	LAO
SAGQLYEESLKR	49	V.a.ammodytesQBF53419	LAO
VIGGNECNINEHR	48	V.a.ammodytesAMB36343	SVSP
VVCAGIWQGGK	44	V.a.ammodytesQBF53412	SVSP
AENPWLPAQSR	40	V.a.ammodytesAMB36345	SVSP
HDDIFAYEK	48	V.a.ammodytesQBF53419	FragmentLAO
AAYPWLLER	67	V.a.ammodytesAMB36344	SVSP
VTVLEASER	59	V.a.ammodytesP0DI84	FragmentLAO
YPVKPSEEGK			
HDDIFAYEK	84	V.a.ammodytesQBF53419	FragmentLAO
IKFEPPLPPK			
KFWEDDGIHGGK			
STTDLPSR			
SAGQLYEESLR	79	V.a.ammodytesQBF53419	FragmentLAO
VGIIGYTTK	42	V.a.senlikiQHR82712	Fragment5'nucleotidase
AAYPWLLER	denovo	V.a.ammodytesAMB36344	SVSP
WTDGSSVIYK	81	V.a.ammodytesQBF53411	CTL
TSADYVWIGLWNQR			
AAYPWLLER	51	V.a.ammodytesAMB36344	SVSP
NVEEGWYANLGPMR	89	V.a.ammodytesQBF53419	FragmentLAO
NVEEGWYANLGPMoxR			
WTDGSSVIYK	54	V.a.ammodytesQBF53411	CTL
TSADYVWIGLWNQR			
GSHLASIHSSEEEAFVSK	51	D.r.limitisADK22830	CTL
DHAQLLYK	56	V.a.ammodytesAPB93444	CTL
ADLVWIGLR			
YDIVWMoxGLR	45	V.a.ammodytesYDIVWMGLR	CTL
HLATIEWLGK	41	V.a.ammodytesAMB36338	CTL
VTVLEASER	56	V.a.ammodytesQBF53419	FragmentLAO
VTVLEASER	denovo	V.a.ammodytesQBF53419	FragmentLAO
VVCAGIWQGGK	denovo	V.a.ammodytesQBF53412	FragmentSVSP
(844.3)INEHPFLAFVTSD	denovo	V.a.ammodytesQBF53412	FragmentSVSP
YPVKPSEEGK	59	V.a.ammodytesQBF53419	LAO
HDDIFAYEK			
NVEEGWYANLGPMoxR			
AAYPWLLER	53	V.a.ammodytesAMB36344	SVSP
VVCAGIWQGGK	denovo	V.a.ammodytesQBF53412	SVSP
TSTHIAPLSLPSSPPSVGSVCR	58	V.a.ammodytesAMB36344	SVSP
TLCAGILR	denovo	V.a.ammodytesAMB36344	SVSP
AAYPWLLER	denovo	V.a.ammodytesAMB36344	SVSP
(308.9)PSSPPSVGSVCR	denovo	V.a.ammodytesAMB36344	SVSP
AAYPWLLER	denovo	V.a.ammodytesAMB36344	SVSP
AAYPWLLER	67	V.a.ammodytesAMB36344	SVSP
TSADYVWIGLWNQR	56	V.a.ammodytesQBF53411	CTL
VFKEEMoxNWADAEK	88	V.a.ammodytesQBF53411	CTL
QQCSSHWTDGSAVSYENVVYNTR	46	V.a.ammodytesAMB36338	CTL
VFKEEMoxNWADAEK	65	V.a.ammodytesQBF53411	CTL
VFKERMoxNWADAEK	51	V.a.ammodytesAMB36339	CTL
AALFTDSR	209	P.mucrosquamatusXP015676063	Xaa-Proaminopeptidase
LPPPTNTIYR			
LADDFMoxGSTWQEK			
GDDIPYTPVFYAYTLLTK			
VLMGNIDLSK			
STTDLPSR	70	V.a.ammodytesQBF53419	LAO
YPVKPSEEGK	50	V.a.ammodytesQBF53419	LAO
NVEEGWYANLGPMoxR	229	V.a.ammodytesQBF53419	LAO
YAMoxGAITTFTPYQFQHFSEALTAPEGR			
IKFEPPLPPK	61	V.a.ammodytesQBF53419	LAO
LPPPTNTIYR	142	P.mucrosquamatusXP015676063	Xaa-Proaminopeptidase
LADDFMoxGSTWQEK			
GDDIPYTPVFYAYTLLTK	58	P.mucrosquamatusXP015676063	Xaa-Proaminopeptidase
FTAYAINGPPVEK	82	V.a.ammodytesQBF53421	PLB
KVVPESLFAWER			
YPVKPSEEGK	64	V.a.ammodytesQBF53419	LAO
SAGQLYEESLR	63	V.a.ammodytesQBF53419	LAO
VLNEDEETR	100	V.a.ammodytesAMB36344	SVSP
VLNEDEETREPTEK			
KVLNEDEETREPTEK			
VIGGNECNINEHR	48	V.a.ammodytesAMB36343	SVSP
AENPWLPAQSR	38	V.a.ammodytesAMB36345	SVSP
BNEHPFXAFVTSDR	denovo	V.a.ammodytesQBF53412	SVSP
VVGGHPCNINEHR	denovo	V.a.ammodytesAMB36344	SVSP
KVLNEDEETREPTEK	93	V.a.ammodytesAMB36344	SVSP
VLNEDEETREPTEK			
AAYPWLLER			
VVCAGIWQGGK	44	V.a.ammodytesQBF53412	SVSP
VTVLEASER	53	V.a.ammodytesQBF53419	FragmentLAO
AAYPWLLER	44	V.a.ammodytesAMB36344	SVSP
AAYPWLLER	50	V.a.ammodytesAMB36344	SVSP
NVEEGWYANLGPMoxR	72	V.a.ammodytesQBF53419	LAO
SAGQLYEESLR	65	V.a.ammodytesQBF53419	LAO
YPVKPSEEGK	55	V.a.ammodytesQBF53419	LAO
IKFEPPLPPK	58	V.a.ammodytesQBF53419	LAO
STTDLPSR	denovo	V.a.ammodytesQBF53419	LAO
SEALTAPEGR	denovo	V.a.ammodytesQBF53419	LAO
TSTHIAPLSLPSSPPSVGSVCR	59	V.a.ammodytesAMB36344	SVSP
VVGGDECNINEHR	47	V.a.ammodytesQBF53413	SVSP
AAYPWLLER	59	V.a.ammodytesAMB36344	SVSP
VVCAGIWQGGK	denovo	V.a.ammodytesQBF53412	SVSP
VLNEDEETREPTEK	74	V.a.ammodytesAMB36344	SVSP
KVLNEDEETREPTEK			
TLCAGILR	denovo	V.a.ammodytesAMB36344	SVSP
IAPLSLPSSPPSVGSVCR	denovo	V.a.ammodytesAMB36344	SVSP
AAYPWLLER	denovo	V.a.ammodytesAMB36344	SVSP
AAYPWLLER	67	V.a.ammodytesAMB36344	SVSP
GSHLASIHSSEEEAFVSK	42	D.r.limitisADK22830	CTL
DHAQLLYK	39	V.a.ammodytesAPB93444	CTL
VTVLEASER	denovo	V.a.ammodytesQBF53419	FragmentLAO
VLNEDEETR	66	V.a.ammodytesAMB36344	SVSP
DHAQLLYK	78	V.a.ammodytesAPB93444	CTL
TTDNQWLR			
ADLVWIGLR			
CNSSQYFVCQSR			
HLATIEWLGK	65	V.a.ammodytesAMB36338	CTL
DQDCLPGWSFYEGHCYK			
AWSDEPNCFVAK	46	V.a.ammodytesAPB93444	CTL
VFKEEMoxNWADAEK	53	V.a.ammodytesAMB36339	CTL
SYCVYFSSTK	denovo	M.lebetinaB4XT02	CTL
VTVLEASER	53	V.a.ammodytesQBF53419	FragmentLAO
VLNEDEETDR	denovo	V.a.ammodytesAMB36344	FragmentSVSP
SAESVTLDLFGDWR	80	V.a.ammodytesAHB62069	SVMP
(439.3)ECGDGECCDQCR	denovo	V.a.ammodytesAHB62069	SVMP
SVGLIQDYCK	denovo	V.a.ammodytesAHB62069	SVMP
SAESVTLDLFGDWR	80	V.a.ammodytesAHB62069	SVMP
(439.3)ECGDGECCDQCR	denovo	V.a.ammodytesAHB62069	SVMP
SVGLIQDYCK	denovo	V.a.ammodytesAHB62069	SVMP
EDDYEEFLEIAK	96	V.a.ammodytesQBF53419	LAO
NVEEGWYANLGPMoxR			
HDDIFAYEK			
IKFEPPLPPK			
YPVKPSEEGK	81	V.a.ammodytesQBF53419	LAO
FDEIVGGMoxDQ			
SAGQLYEESLRK	78	V.a.ammodytesQBF53419	LAO
SAGQLYEESLR	64	V.a.ammodytesQBF53419	LAO
SAGQLYEESLRK			
LFCVEPPTGGGR	denovo	V.a.ammodytesAHB62069	SVMP
			
AAYPWLLER	58	V.a.ammodytesAMB36344	SVSP
VLNEDEETREPTEK			
KVLNEDEETREPTEK			
VTVLEASER	denovo	V.a.ammodytesQBF53419	FragmentLAO
YFCVEPPTGGGR	denovo	V.a.ammodytesAHB62069	SVMP
TLCAGILR	denovo	V.a.ammodytesAMB36344	SVSP
AAYPWLLER	denovo	V.a.ammodytesAMB36344	SVSP
SAGQLYEESLRK	37	V.a.ammodytesQBF53419	FragmentLAO
(601.3)VLNEDEETRP	denovo	V.a.ammodytesAMB36344	SVSP
(TSTH)IAPLSLPSSPPSVGSVCR	denovo	V.a.ammodytesAMB36344	SVSP
AAYPWLLER	denovo	V.a.ammodytesAMB36344	SVSP
QQCSSHWTDGSAVSYENVVYNTR	73	V.a.ammodytesAMB36338	CTL
DHAQLLYK	45	V.a.ammodytesAPB93444	CTL
(601.3)VLNEDEETRP	denovo	V.a.ammodytesAMB36344	SVSP
AAYPWLLER	denovo	V.a.ammodytesAMB36344	SVSP
ETDLLNR	76	V.a.ammodytesAGL45259	SVMP
IYEIVNLLNVIYR			
VLNEDEETR	90	V.a.ammodytesAMB36344	SVSP
TSTHIAPLSLPSSPPSVGSVCR			
ETDLLNR	54	V.a.ammodytesAGL45259	SVMP
